Num_iterations,PE,Freq,NextFreq,T1,T2,T3,T4,T5,T6,T7,T8,T9,T10,AVG
256,Big,7,0,117250,104708,116083,105583,113750,114625,105292,104708,105583,116375,110396
256,Big,6,1,100916,101500,101208,99750,100333,100625,100625,101500,100917,101208,100858
256,Big,5,2,98000,97708,98000,98583,98000,98000,98000,97708,97708,98000,97970.7
256,Big,4,3,100041,100334,100042,100042,100334,100334,100333,100041,100042,100042,100158
256,Big,3,4,3.122e+06,3.28271e+06,3.2795e+06,3.30983e+06,3.29467e+06,3.2935e+06,3.34862e+06,3.30954e+06,3.311e+06,3.31158e+06,3.2863e+06
256,Big,2,5,3.34454e+06,3.42388e+06,3.35738e+06,3.40492e+06,3.39996e+06,3.40258e+06,3.38596e+06,3.39121e+06,3.39325e+06,3.39092e+06,3.38946e+06
256,Big,1,6,3.61667e+06,3.59362e+06,3.59304e+06,3.58808e+06,3.57467e+06,3.56825e+06,3.57729e+06,3.58288e+06,5.61458e+06,3.57204e+06,3.78811e+06
256,Big,0,7,3.51838e+06,3.47725e+06,3.87308e+06,3.85904e+06,3.89346e+06,3.61346e+06,3.82463e+06,3.81908e+06,2.87962e+06,3.95971e+06,3.67177e+06
256,Big,7,1,93625,93333,92167,92458,94209,92458,92458,93333,93917,92458,93041.6
256,Big,6,0,112000,111417,112291,111708,112875,111708,113167,112583,112875,113166,112379
256,Big,5,3,6.49133e+06,97708,97709,97709,98000,98000,98000,91583,98000,98000,736604
256,Big,4,2,100041,109375,109083,109375,100334,100334,109375,100042,109666,100041,104767
256,Big,3,5,3.33054e+06,3.3145e+06,3.29788e+06,3.32967e+06,3.36496e+06,3.33579e+06,3.3355e+06,3.32938e+06,3.33725e+06,3.30692e+06,3.32824e+06
256,Big,2,4,3.37633e+06,3.38275e+06,3.38275e+06,3.19083e+06,3.12463e+06,3.37283e+06,3.38217e+06,3.37079e+06,3.38217e+06,3.35621e+06,3.33215e+06
256,Big,1,7,3.62662e+06,3.44838e+06,3.13017e+06,3.61346e+06,3.654e+06,3.62342e+06,3.55017e+06,3.60588e+06,3.6575e+06,3.61171e+06,3.55213e+06
256,Big,0,6,3.74092e+06,3.76367e+06,3.75375e+06,3.74938e+06,3.755e+06,3.75696e+06,3.53908e+06,3.73721e+06,3.75754e+06,3.55979e+06,3.71133e+06
256,Big,7,2,92459,93625,92458,92458,92166,93334,93042,93041,93917,93333,92983.3
256,Big,6,3,91875,91875,91875,91875,91875,91875,92167,92167,91875,91875,91933.4
256,Big,5,0,119583,120167,122791,120458,121333,120750,122792,120166,122208,122500,121275
256,Big,4,1,120750,6.60829e+06,121625,109667,113459,121042,6.57096e+06,121042,121042,121333,1.41292e+06
256,Big,3,6,3.36846e+06,3.36321e+06,3.09954e+06,3.37458e+06,2.6075e+06,2.30767e+06,3.37108e+06,3.34192e+06,3.374e+06,3.34308e+06,3.1551e+06
256,Big,2,7,3.48513e+06,3.52012e+06,3.48279e+06,3.55133e+06,3.48979e+06,3.49271e+06,3.48512e+06,3.49562e+06,3.48746e+06,3.49038e+06,3.49805e+06
256,Big,1,4,3.30371e+06,3.49446e+06,3.51575e+06,3.52304e+06,3.50992e+06,3.51604e+06,3.51283e+06,3.52946e+06,3.52217e+06,3.54929e+06,3.49767e+06
256,Big,0,5,3.72488e+06,3.72404e+06,3.77592e+06,3.745e+06,3.73771e+06,3.49833e+06,3.7275e+06,3.71321e+06,3.7345e+06,3.51546e+06,3.68965e+06
256,Big,7,3,93625,87500,93042,93333,92459,81959,92750,92459,93042,93042,91321.1
256,Big,6,2,5.27071e+06,92167,91875,91875,91875,100333,100042,100333,92166,103542,613492
256,Big,5,1,97708,98000,97708,97708,98000,98000,97709,98000,98000,97708,97854.1
256,Big,4,0,120750,121042,121334,120750,121625,121042,121625,121625,121625,121625,121304
256,Big,3,7,3.40054e+06,3.39033e+06,3.39938e+06,3.38888e+06,3.39733e+06,3.42096e+06,3.38567e+06,3.38479e+06,3.39267e+06,3.38479e+06,3.39453e+06
256,Big,2,6,3.36117e+06,3.42533e+06,3.42971e+06,3.43875e+06,3.43613e+06,3.45392e+06,3.45479e+06,3.44342e+06,3.44342e+06,3.44721e+06,3.43338e+06
256,Big,1,5,3.542e+06,3.54783e+06,3.59275e+06,3.32412e+06,3.19904e+06,3.54492e+06,3.53208e+06,2.94321e+06,3.31192e+06,3.55192e+06,3.40898e+06
256,Big,0,4,3.70067e+06,3.67562e+06,3.69483e+06,3.71238e+06,2.653e+06,3.70358e+06,3.69079e+06,3.68783e+06,3.74267e+06,3.72663e+06,3.5988e+06
256,Big,7,4,92458,93042,87208,92459,92750,92458,92166,82250,87208,6.59254e+06,740454
256,Big,6,5,91875,91875,91875,91875,109084,91875,91875,91875,91875,91875,93595.9
256,Big,5,6,3.206e+06,3.20542e+06,3.22613e+06,2.912e+06,3.23808e+06,3.23108e+06,3.22e+06,3.22379e+06,3.25967e+06,3.21825e+06,3.19404e+06
256,Big,4,7,3.33579e+06,3.33988e+06,3.35679e+06,3.34921e+06,3.36758e+06,3.34483e+06,3.34133e+06,3.32354e+06,3.33346e+06,1.3545e+06,3.14469e+06
256,Big,3,0,132708,132416,132708,132417,132709,132417,133000,132708,132709,134167,132796
256,Big,2,1,149333,149041,148750,4.46192e+06,149041,149041,149042,136208,149042,148459,578987
256,Big,1,2,3.69483e+06,3.46529e+06,3.47463e+06,3.21654e+06,3.24975e+06,3.11942e+06,3.45512e+06,3.47e+06,3.47812e+06,3.48396e+06,3.41077e+06
256,Big,0,3,3.661e+06,3.66829e+06,3.45683e+06,3.72554e+06,3.5875e+06,3.65083e+06,3.69054e+06,3.381e+06,3.657e+06,3.68317e+06,3.61617e+06
256,Big,7,5,87500,87209,87208,87208,113750,87500,87209,92459,92459,97417,91991.9
256,Big,6,4,91875,91875,91875,91875,133291,98291,91875,91875,103541,92166,97853.9
256,Big,5,7,3.24829e+06,3.25529e+06,3.27542e+06,3.26929e+06,3.26346e+06,3.27658e+06,3.29758e+06,2.98842e+06,3.28592e+06,3.24421e+06,3.24045e+06
256,Big,4,6,3.29554e+06,3.28154e+06,3.00504e+06,3.29292e+06,3.28708e+06,3.28942e+06,1.31746e+06,1.52425e+06,3.33346e+06,3.28329e+06,2.891e+06
256,Big,3,1,132417,132416,133000,3.22e+06,133291,133000,109958,132708,132709,133000,439250
256,Big,2,0,135917,150792,151958,151084,136208,150500,150791,152250,151666,151667,148283
256,Big,1,3,4.03258e+06,3.48833e+06,3.48629e+06,3.47292e+06,3.4945e+06,3.27046e+06,3.48221e+06,3.47933e+06,3.64554e+06,3.47962e+06,3.53318e+06
256,Big,0,2,3.66458e+06,3.66275e+06,6.48792e+06,3.38546e+06,3.65196e+06,3.64642e+06,3.68667e+06,1.7885e+06,3.67271e+06,3.65808e+06,3.7305e+06
256,Big,7,6,87208,3.39792e+06,92458,118708,87500,87500,92459,87209,87208,92459,423063
256,Big,6,7,2.96217e+06,3.14942e+06,3.24829e+06,3.21154e+06,3.21271e+06,3.23021e+06,3.21417e+06,3.22058e+06,3.23254e+06,9.42608e+06,3.81077e+06
256,Big,5,4,98000,98000,98000,98000,98000,98000,84875,98000,98000,97709,96658.4
256,Big,4,5,3.24246e+06,3.24771e+06,3.23283e+06,1.92617e+06,3.24392e+06,3.23896e+06,3.23662e+06,3.23342e+06,3.22758e+06,3.28125e+06,3.11109e+06
256,Big,3,2,109958,109959,109958,110250,109959,109959,110250,109959,109959,109667,109988
256,Big,2,3,3.33083e+06,7.77438e+06,3.16633e+06,3.34863e+06,3.31654e+06,3.08729e+06,3.32996e+06,3.08613e+06,3.33725e+06,3.33404e+06,3.71114e+06
256,Big,1,0,138541,138542,138833,138833,138541,138541,138542,138541,138542,138542,138600
256,Big,0,1,15167,204167,204500,204458,204750,204459,204750,275334,204542,204792,192692
256,Little,5,2,135042,121917,121916,121625,121625,121625,123667,174417,121625,121916,128538
256,Little,4,3,44625,121625,121625,160709,121333,121333,121334,34125,121917,121333,108996
256,Little,3,4,1.30638e+06,1.33729e+06,1.3055e+06,1.30725e+06,1.3055e+06,1.30667e+06,1.30083e+06,1.30638e+06,1.30433e+06,1.31075e+06,1.30909e+06
256,Little,2,5,1.41779e+06,1.26467e+06,1.232e+06,1.40817e+06,1.67125e+06,1.31075e+06,1.40846e+06,1.34021e+06,1.40846e+06,1.40875e+06,1.38705e+06
256,Little,5,3,121625,121625,122209,121917,121625,121625,121917,29750,122208,121625,112613
256,Little,4,2,135333,34125,135625,135041,135625,121625,231875,121625,135042,135625,132154
256,Little,3,5,1.31629e+06,1.31833e+06,1.33262e+06,1.32854e+06,1.32446e+06,1.32096e+06,1.31746e+06,1.35246e+06,1.33117e+06,1.32563e+06,1.32679e+06
256,Little,2,4,1.39271e+06,1.39067e+06,1.41575e+06,1.24717e+06,1.37754e+06,1.37754e+06,1.37754e+06,1.38804e+06,1.15588e+06,1.38104e+06,1.35039e+06
256,Little,5,0,154000,154875,160417,155750,154875,157500,158959,137375,159250,157792,155079
256,Little,4,1,151375,152250,145834,151958,204750,159541,152834,152250,151958,151958,157471
256,Little,1,4,1.50767e+06,1.526e+06,1.50675e+06,1.52454e+06,1.50967e+06,1.524e+06,1.50792e+06,1.52571e+06,1.50762e+06,1.35217e+06,1.4992e+06
256,Little,0,5,1.81154e+06,1.65258e+06,1.55517e+06,1.81796e+06,1.8165e+06,1.56254e+06,1.55488e+06,1.86613e+06,1.82058e+06,1.56508e+06,1.7023e+06
256,Little,5,1,137375,138250,137375,152833,137666,153417,137375,137666,137375,137959,140729
256,Little,4,0,152250,153416,199791,151958,152250,151667,152542,152542,151959,152250,157062
256,Little,1,5,1.53008e+06,1.36471e+06,1.52979e+06,1.52921e+06,1.47554e+06,1.35275e+06,1.54525e+06,1.53212e+06,1.54496e+06,1.52979e+06,1.49342e+06
256,Little,0,4,1.78179e+06,1.78179e+06,1.78938e+06,1.79754e+06,1.88738e+06,1.72258e+06,1.87542e+06,1.78158e+06,1.61992e+06,1.78121e+06,1.78186e+06
256,Little,3,0,169750,168875,167709,167125,166250,169167,166833,168875,414167,167125,192588
256,Little,2,1,182292,182000,182000,182583,181708,181708,176750,182000,182000,129792,176283
256,Little,1,2,1.48721e+06,1.61963e+06,1.37608e+06,1.48838e+06,1.48696e+06,1.484e+06,1.48575e+06,1.48808e+06,1.51288e+06,1.50588e+06,1.49348e+06
256,Little,0,3,1.81329e+06,1.62021e+06,1.624e+06,1.78004e+06,1.77133e+06,1.5225e+06,1.76579e+06,1.78121e+06,1.77392e+06,1.63862e+06,1.70909e+06
256,Little,3,1,166250,165667,131834,223417,162458,165375,166834,165084,166250,164792,167796
256,Little,2,0,186375,162750,162750,162459,381792,163042,162458,179959,187250,162459,191129
256,Little,1,3,1.50675e+06,1.309e+06,1.50708e+06,1.40354e+06,1.50646e+06,1.38658e+06,1.50762e+06,1.52425e+06,1.50617e+06,1.32475e+06,1.44822e+06
256,Little,0,2,4.40475e+06,4.36683e+06,4.34438e+06,4.38725e+06,4.382e+06,4.3785e+06,4.15888e+06,2.85517e+06,4.38083e+06,4.45233e+06,4.21109e+06
256,Little,5,4,121916,121917,121917,121917,121625,121625,121917,121916,121625,121917,121829
256,Little,4,5,1.15821e+06,1.11067e+06,1.26467e+06,1.21042e+06,1.26671e+06,1.22938e+06,1.26612e+06,1.16462e+06,1.31804e+06,1.26554e+06,1.22544e+06
256,Little,3,2,131542,131250,131542,131541,131542,131542,131541,131834,131541,131834,131571
256,Little,2,3,1.37171e+06,1.379e+06,1.37725e+06,1.3615e+06,1.36121e+06,1.84888e+06,1.37696e+06,1.37783e+06,1.31279e+06,1.38046e+06,1.41476e+06
256,Little,1,0,154583,154292,154292,154291,154001,157209,154000,154000,154292,154000,154496
256,Little,0,1,291167,290500,289916,290500,290292,290541,290500,290500,290208,350583,296471
256,Big,7,7,4577.3,4579.17,4580.18,4585.13,4569.27,4570.58,4582.83,4561.96,4578.3,4579.6,4576.43
256,Big,6,6,5123.13,5128.37,5124.15,5125.9,5121.96,5124.58,5115.69,5095.27,5115.69,5107.81,5118.25
256,Big,5,5,5808.83,5807.23,5800.82,5804.02,5805.92,5801.69,5811.31,5813.06,6250.85,5822.25,5852.6
256,Big,4,4,6850.67,6850.38,6850.67,6844.98,6847.16,6845.56,6854.31,6847.17,7536.08,6848.19,6917.52
256,Big,3,3,8158.94,8159.23,8150.77,8153.54,8156.02,8156.6,8139.69,8156.75,8157.77,8153.98,8154.33
256,Big,2,2,10104.8,10078.8,10054.8,10075,10074.9,10053.7,10089,10064.5,10083.1,10085.7,10076.4
256,Big,1,1,13734.3,13713.3,13752.1,13707.3,13722.6,13680.8,13723.5,13716.5,13733.4,13712.3,13719.6
256,Big,0,0,20219.5,20200.4,20207,20182.3,20190.9,20182.8,20173.9,20329.6,20218.6,20221.1,20212.6
256,Little,5,5,9384.52,9389.48,9387.88,9385.25,9385.4,9387.58,9384.38,9388.02,9387,9383.65,9386.32
256,Little,4,4,11076.8,11072.8,11074.3,11066,11068.7,11059.3,11055.2,11085.7,11077.7,11077.1,11071.3
256,Little,3,3,13182.2,13185.2,13184.9,13184.9,13180.6,13187,13187.1,13191.6,13189.2,13181,13185.4
256,Little,2,2,16249.5,16288.7,16283.8,16281.7,16289.4,16287.1,16310.7,16287.8,16312,16289.9,16288.1
256,Little,1,1,22167.3,22172.2,22170.2,22149.3,22180.1,22151.8,22157.9,22157.9,22170.9,22165.8,22164.3
256,Little,0,0,32638.4,32639.5,32655.6,32637.1,32654.4,32643.5,32645.2,32650.2,32663.6,32643.3,32647.1
